workflow_name,method,window,window_start_ms,p50_count,p90_count,p95_count,ceil_p50_count,ceil_p90_count,ceil_p95_count,alloc_p50_count,alloc_p90_count,alloc_p95_count
spoken_dialog_flow,fip-fourier,380001008,1900005040000,5.098281140580805,8.296477381609494,9.07551152313555,6,9,10,6,9,10
spoken_dialog_flow,fip-fourier,380001009,1900005045000,7.011085915567272,10.209282156595961,10.988316298122019,8,11,11,8,11,11
spoken_dialog_flow,fip-fourier,380001010,1900005050000,7.9055381060483,11.103734347076989,11.882768488603045,8,12,12,8,12,12
spoken_dialog_flow,fip-fourier,380001011,1900005055000,7.4940820833905715,10.69227832441926,11.471312465945317,8,11,12,8,11,12
spoken_dialog_flow,fip-fourier,380001012,1900005060000,6.508595397537091,9.706791638565779,10.485825780091837,7,10,11,7,10,11
spoken_dialog_flow,fip-fourier,380001013,1900005065000,5.94930684878416,9.147503089812849,9.926537231338905,6,10,10,6,10,10
spoken_dialog_flow,fip-fourier,380001014,1900005070000,6.183206901574501,9.381403142603189,10.160437284129246,7,10,11,7,10,11
spoken_dialog_flow,fip-fourier,380001015,1900005075000,6.711551764884272,9.909748005912961,10.688782147439017,7,10,11,7,10,11
spoken_dialog_flow,fip-fourier,380001016,1900005080000,6.763979106896935,9.962175347925623,10.74120948945168,7,10,11,7,10,11
spoken_dialog_flow,fip-fourier,380001017,1900005085000,6.102379216185337,9.300575457214025,10.079609598740083,7,10,11,7,10,11
spoken_dialog_flow,fip-fourier,380001018,1900005090000,5.256671522727088,8.454867763755777,9.233901905281833,6,9,10,6,9,10
spoken_dialog_flow,fip-fourier,380001019,1900005095000,4.991654797309875,8.189851038338563,8.968885179864621,5,9,9,5,9,9
spoken_dialog_flow,fip-fourier,380001020,1900005100000,5.546012507401435,8.744208748430124,9.52324288995618,6,9,10,6,9,10
spoken_dialog_flow,fip-fourier,380001021,1900005105000,6.385087975559768,9.583284216588456,10.362318358114514,7,10,11,7,10,11
spoken_dialog_flow,fip-fourier,380001022,1900005110000,6.699530712734791,9.89772695376348,10.676761095289537,7,10,11,7,10,11
spoken_dialog_flow,fip-fourier,380001023,1900005115000,6.1695553619590955,9.367751602987784,10.146785744513842,7,10,11,7,10,11
spoken_dialog_flow,fip-fourier,380001024,1900005120000,5.276869961380278,8.475066202408966,9.254100343935024,6,9,10,6,9,10
spoken_dialog_flow,fip-fourier,380001025,1900005125000,4.886087233143191,8.08428347417188,8.863317615697937,5,9,9,5,9,9
spoken_dialog_flow,fip-fourier,380001026,1900005130000,5.494583674063034,8.692779915091723,9.47181405661778,6,9,10,6,9,10
spoken_dialog_flow,fip-fourier,380001027,1900005135000,6.8270287593490755,10.025225000377764,10.80425914190382,7,11,11,7,11,11
spoken_dialog_flow,fip-fourier,380001028,1900005140000,8.100168465107672,11.298364706136361,12.077398847662419,9,12,13,9,12,13
spoken_dialog_flow,fip-fourier,380001029,1900005145000,8.671468210433494,11.869664451462183,12.64869859298824,9,12,13,9,12,13
spoken_dialog_flow,fip-fourier,380001030,1900005150000,8.487987521699848,11.686183762728538,12.465217904254594,9,12,13,9,12,13
spoken_dialog_flow,fip-fourier,380001031,1900005155000,8.002518344681683,11.20071458571037,11.979748727236428,9,12,12,9,12,12
spoken_dialog_flow,fip-fourier,380001032,1900005160000,7.728801272434671,10.926997513463359,11.706031654989417,8,11,12,8,11,12
spoken_dialog_flow,fip-fourier,380001033,1900005165000,7.875654815034633,11.07385105606332,11.852885197589378,8,12,12,8,12,12
spoken_dialog_flow,fip-fourier,380001034,1900005170000,8.326985248017857,11.525181489046547,12.304215630572603,9,12,13,9,12,13
spoken_dialog_flow,fip-fourier,380001035,1900005175000,8.861197178558214,12.059393419586904,12.838427561112962,9,13,13,9,13,13
spoken_dialog_flow,fip-fourier,380001036,1900005180000,9.323256275726937,12.521452516755627,13.300486658281685,10,13,14,10,13,14
spoken_dialog_flow,fip-fourier,380001037,1900005185000,9.613434915618665,12.811631156647355,13.590665298173413,10,13,14,10,13,14
spoken_dialog_flow,fip-fourier,380001038,1900005190000,9.614492553869809,12.812688794898499,13.591722936424556,10,13,14,10,13,14
spoken_dialog_flow,fip-fourier,380001039,1900005195000,9.236273058389036,12.434469299417726,13.213503440943782,10,13,14,10,13,14
spoken_dialog_flow,fip-fourier,380001040,1900005200000,8.565415867238935,11.763612108267624,12.54264624979368,9,12,13,9,12,13
spoken_dialog_flow,fip-fourier,380001041,1900005205000,7.917255380453118,11.115451621481807,11.894485763007864,8,12,12,8,12,12
spoken_dialog_flow,fip-fourier,380001042,1900005210000,7.648136981567496,10.846333222596185,11.62536736412224,8,11,12,8,11,12
spoken_dialog_flow,fip-fourier,380001043,1900005215000,7.856341453790843,11.054537694819532,11.833571836345588,8,12,12,8,12,12
spoken_dialog_flow,fip-fourier,380001044,1900005220000,8.275212368137908,11.473408609166597,12.252442750692655,9,12,13,9,12,13
spoken_dialog_flow,fip-fourier,380001045,1900005225000,8.513642154863962,11.711838395892652,12.49087253741871,9,12,13,9,12,13
spoken_dialog_flow,fip-fourier,380001046,1900005230000,8.445113054935215,11.643309295963904,12.42234343748996,9,12,13,9,12,13
spoken_dialog_flow,fip-fourier,380001047,1900005235000,8.355858451953516,11.554054692982206,12.333088834508263,9,12,13,9,12,13
spoken_dialog_flow,fip-fourier,380001048,1900005240000,8.668773123627673,11.866969364656363,12.64600350618242,9,12,13,9,12,13
spoken_dialog_flow,fip-fourier,380001049,1900005245000,9.488166132780664,12.686362373809354,13.46539651533541,10,13,14,10,13,14
spoken_dialog_flow,fip-fourier,380001050,1900005250000,10.426927504007605,13.625123745036294,14.404157886562352,11,14,15,11,14,15
spoken_dialog_flow,fip-fourier,380001051,1900005255000,10.929412572775693,14.127608813804382,14.90664295533044,11,15,15,11,15,15
spoken_dialog_flow,fip-fourier,380001052,1900005260000,10.805666374724378,14.003862615753068,14.782896757279126,11,15,15,11,15,15
spoken_dialog_flow,fip-fourier,380001053,1900005265000,10.443603260264382,13.641799501293072,14.42083364281913,11,14,15,11,14,15
spoken_dialog_flow,fip-fourier,380001054,1900005270000,10.448185170245273,13.646381411273962,14.425415552800018,11,14,15,11,14,15
spoken_dialog_flow,fip-fourier,380001055,1900005275000,11.025166906174393,14.223363147203083,15.002397288729139,12,15,16,12,15,16
spoken_dialog_flow,fip-fourier,380001056,1900005280000,11.719690210407041,14.91788645143573,15.696920592961789,12,15,16,12,15,16
spoken_dialog_flow,fip-fourier,380001057,1900005285000,11.812656980937604,15.010853221966293,15.789887363492351,12,16,16,12,16,16
spoken_dialog_flow,fip-fourier,380001058,1900005290000,11.03422711699377,14.23242335802246,15.011457499548516,12,15,16,12,15,16
spoken_dialog_flow,fip-fourier,380001059,1900005295000,9.900447467994097,13.098643709022786,13.877677850548842,10,14,14,10,14,14
spoken_dialog_flow,fip-fourier,380001060,1900005300000,9.296041821519394,12.494238062548083,13.27327220407414,10,13,14,10,13,14
spoken_dialog_flow,fip-fourier,380001061,1900005305000,9.647510565242628,12.845706806271318,13.624740947797374,10,13,14,10,13,14
spoken_dialog_flow,fip-fourier,380001062,1900005310000,10.467236593415848,13.665432834444537,14.444466975970595,11,14,15,11,14,15
spoken_dialog_flow,fip-fourier,380001063,1900005315000,10.749133251454412,13.947329492483101,14.726363634009157,11,14,15,11,14,15
spoken_dialog_flow,fip-fourier,380001064,1900005320000,9.90490319611792,13.103099437146609,13.882133578672665,10,14,14,10,14,14
spoken_dialog_flow,fip-fourier,380001065,1900005325000,8.387139376162448,11.585335617191138,12.364369758717196,9,12,13,9,12,13
spoken_dialog_flow,fip-fourier,380001066,1900005330000,7.388468211323153,10.586664452351842,11.365698593877898,8,11,12,8,11,12
spoken_dialog_flow,fip-fourier,380001067,1900005335000,7.839881312751124,11.038077553779813,11.817111695305869,8,12,12,8,12,12
spoken_dialog_flow,fip-fourier,380001068,1900005340000,9.589528709349898,12.787724950378587,13.566759091904643,10,13,14,10,13,14
spoken_dialog_flow,fip-fourier,380001069,1900005345000,11.502333484336368,14.700529725365058,15.479563866891116,12,15,16,12,15,16
spoken_dialog_flow,fip-fourier,380001070,1900005350000,12.396785674817412,15.594981915846102,16.37401605737216,13,16,17,13,16,17
spoken_dialog_flow,fip-fourier,380001071,1900005355000,11.985329652159681,15.18352589318837,15.962560034714429,12,16,16,12,16,16
spoken_dialog_flow,fip-fourier,380001072,1900005360000,10.9998429663062,14.19803920733489,14.977073348860948,11,15,15,11,15,15
spoken_dialog_flow,fip-fourier,380001073,1900005365000,10.440554417553265,13.638750658581955,14.417784800108013,11,14,15,11,14,15
spoken_dialog_flow,fip-fourier,380001074,1900005370000,10.674454470343598,13.872650711372287,14.651684852898345,11,14,15,11,14,15
spoken_dialog_flow,fip-fourier,380001075,1900005375000,11.202799333653363,14.400995574682053,15.18002971620811,12,15,16,12,15,16
spoken_dialog_flow,fip-fourier,380001076,1900005380000,11.255226675666034,14.453422916694723,15.232457058220781,12,15,16,12,15,16
spoken_dialog_flow,fip-fourier,380001077,1900005385000,10.593626784954438,13.791823025983128,14.570857167509185,11,14,15,11,14,15
spoken_dialog_flow,fip-fourier,380001078,1900005390000,9.74791909149618,12.94611533252487,13.725149474050927,10,13,14,10,13,14
spoken_dialog_flow,fip-fourier,380001079,1900005395000,9.482902366078964,12.681098607107653,13.460132748633711,10,13,14,10,13,14
spoken_dialog_flow,fip-fourier,380001080,1900005400000,10.037260076170522,13.235456317199212,14.01449045872527,11,14,15,11,14,15
spoken_dialog_flow,fip-fourier,380001081,1900005405000,10.876335544328864,14.074531785357554,14.853565926883611,11,15,15,11,15,15
spoken_dialog_flow,fip-fourier,380001082,1900005410000,11.190778281503908,14.388974522532598,15.168008664058654,12,15,16,12,15,16
spoken_dialog_flow,fip-fourier,380001083,1900005415000,10.660802930728199,13.858999171756889,14.638033313282946,11,14,15,11,14,15
spoken_dialog_flow,fip-fourier,380001084,1900005420000,9.768117530149398,12.966313771178088,13.745347912704144,10,13,14,10,13,14
spoken_dialog_flow,fip-fourier,380001085,1900005425000,9.377334801912284,12.575531042940973,13.354565184467031,10,13,14,10,13,14
spoken_dialog_flow,fip-fourier,380001086,1900005430000,9.985831242832136,13.184027483860826,13.963061625386882,10,14,14,10,14,14
spoken_dialog_flow,fip-fourier,380001087,1900005435000,11.318276328118172,14.516472569146861,15.295506710672917,12,15,16,12,15,16
spoken_dialog_flow,fip-fourier,380001088,1900005440000,12.591416033876786,15.789612274905476,16.568646416431534,13,16,17,13,16,17
spoken_dialog_flow,fip-fourier,380001089,1900005445000,13.162715779202607,16.360912020231297,17.139946161757354,14,17,18,14,17,18
spoken_dialog_flow,fip-fourier,380001090,1900005450000,12.979235090468956,16.177431331497644,16.9564654730237,13,17,17,13,17,17
spoken_dialog_flow,fip-fourier,380001091,1900005455000,12.493765913450785,15.691962154479475,16.47099629600553,13,16,17,13,16,17
spoken_dialog_flow,fip-fourier,380001092,1900005460000,12.220048841203775,15.418245082232465,16.19727922375852,13,16,17,13,16,17
spoken_dialog_flow,fip-fourier,380001093,1900005465000,12.366902383803733,15.565098624832423,16.34413276635848,13,16,17,13,16,17
spoken_dialog_flow,fip-fourier,380001094,1900005470000,12.818232816786965,16.016429057815653,16.79546319934171,13,17,17,13,17,17
spoken_dialog_flow,fip-fourier,380001095,1900005475000,13.352444747327318,16.550640988356008,17.329675129882066,14,17,18,14,17,18
spoken_dialog_flow,fip-fourier,380001096,1900005480000,13.81450384449603,17.01270008552472,17.791734227050778,14,18,18,14,18,18
spoken_dialog_flow,fip-fourier,380001097,1900005485000,14.104682484387768,17.302878725416456,18.081912866942513,15,18,19,15,18,19
spoken_dialog_flow,fip-fourier,380001098,1900005490000,14.105740122638899,17.30393636366759,18.082970505193646,15,18,19,15,18,19
spoken_dialog_flow,fip-fourier,380001099,1900005495000,13.727520627158139,16.92571686818683,17.704751009712886,14,17,18,14,17,18
spoken_dialog_flow,fip-fourier,380001100,1900005500000,13.056663436008035,16.254859677036723,17.03389381856278,14,17,18,14,17,18
spoken_dialog_flow,fip-fourier,380001101,1900005505000,12.408502949222221,15.606699190250911,16.38573333177697,13,16,17,13,16,17
spoken_dialog_flow,fip-fourier,380001102,1900005510000,12.139384550336581,15.337580791365271,16.116614932891327,13,16,17,13,16,17
spoken_dialog_flow,fip-fourier,380001103,1900005515000,12.347589022559934,15.545785263588623,16.32481940511468,13,16,17,13,16,17
spoken_dialog_flow,fip-fourier,380001104,1900005520000,12.766459936907001,15.96465617793569,16.74369031946175,13,16,17,13,16,17
spoken_dialog_flow,fip-fourier,380001105,1900005525000,13.004889723633074,16.203085964661764,16.98212010618782,14,17,17,14,17,17
spoken_dialog_flow,fip-fourier,380001106,1900005530000,12.936360623704322,16.13455686473301,16.913591006259068,13,17,17,13,17,17
spoken_dialog_flow,fip-fourier,380001107,1900005535000,12.84710602072263,16.04530226175132,16.82433640327738,13,17,17,13,17,17
spoken_dialog_flow,fip-fourier,380001108,1900005540000,13.160020692396783,16.35821693342547,17.13725107495153,14,17,18,14,17,18
spoken_dialog_flow,fip-fourier,380001109,1900005545000,13.979413701549769,17.177609942578457,17.956644084104514,14,18,18,14,18,18
spoken_dialog_flow,fip-fourier,380001110,1900005550000,14.918175072776712,18.116371313805402,18.89540545533146,15,19,19,15,19,19
spoken_dialog_flow,fip-fourier,380001111,1900005555000,15.420660141544797,18.618856382573487,19.397890524099545,16,19,20,16,19,20
spoken_dialog_flow,fip-fourier,380001112,1900005560000,15.296913943493493,18.495110184522183,19.27414432604824,16,19,20,16,19,20
spoken_dialog_flow,fip-fourier,380001113,1900005565000,14.934850829033492,18.13304707006218,18.912081211588237,15,19,19,15,19,19
spoken_dialog_flow,fip-fourier,380001114,1900005570000,14.939432739014386,18.137628980043075,18.916663121569133,15,19,19,15,19,19
spoken_dialog_flow,fip-fourier,380001115,1900005575000,15.516414474943488,18.714610715972178,19.493644857498236,16,19,20,16,19,20
spoken_dialog_flow,fip-fourier,380001116,1900005580000,16.210937779176152,19.409134020204842,20.1881681617309,17,20,21,17,20,21
spoken_dialog_flow,fip-fourier,380001117,1900005585000,16.303904549706697,19.502100790735387,20.281134932261445,17,20,21,17,20,21
spoken_dialog_flow,fip-fourier,380001118,1900005590000,15.525474685762882,18.72367092679157,19.502705068317628,16,19,20,16,19,20
spoken_dialog_flow,fip-fourier,380001119,1900005595000,14.39169503676321,17.5898912777919,18.368925419317957,15,18,19,15,18,19
spoken_dialog_flow,fip-fourier,380001120,1900005600000,13.7872893902885,16.98548563131719,17.764519772843247,14,17,18,14,17,18
spoken_dialog_flow,fip-fourier,380001121,1900005605000,14.138758134011736,17.336954375040424,18.115988516566482,15,18,19,15,18,19
spoken_dialog_flow,fip-fourier,380001122,1900005610000,14.95848416218495,18.156680403213638,18.935714544739696,15,19,19,15,19,19
spoken_dialog_flow,fip-fourier,380001123,1900005615000,15.240380820223514,18.438577061252204,19.21761120277826,16,19,20,16,19,20
spoken_dialog_flow,fip-fourier,380001124,1900005620000,14.39615076488702,17.594347005915708,18.373381147441766,15,18,19,15,18,19
spoken_dialog_flow,fip-fourier,380001125,1900005625000,12.878386944931556,16.076583185960246,16.855617327486303,13,17,17,13,17,17
spoken_dialog_flow,fip-fourier,380001126,1900005630000,11.879715780092269,15.077912021120959,15.856946162647017,12,16,16,12,16,16
spoken_dialog_flow,fip-fourier,380001127,1900005635000,12.331128881520222,15.529325122548912,16.30835926407497,13,16,17,13,16,17
spoken_dialog_flow,fip-fourier,380001128,1900005640000,14.080776278118995,17.278972519147683,18.05800666067374,15,18,19,15,18,19
spoken_dialog_flow,fip-fourier,380001129,1900005645000,15.993581053105473,19.191777294134162,19.97081143566022,16,20,20,16,20,20
spoken_dialog_flow,fip-fourier,380001130,1900005650000,16.888033243586516,20.086229484615206,20.865263626141264,17,21,21,17,21,21
spoken_dialog_flow,fip-fourier,380001131,1900005655000,16.476577220928803,19.674773461957493,20.45380760348355,17,20,21,17,20,21
spoken_dialog_flow,fip-fourier,380001132,1900005660000,15.491090535075307,18.689286776103994,19.468320917630052,16,19,20,16,19,20
spoken_dialog_flow,fip-fourier,380001133,1900005665000,14.93180198632236,18.12999822735105,18.909032368877106,15,19,19,15,19,19
spoken_dialog_flow,fip-fourier,380001134,1900005670000,15.165702039112702,18.36389828014139,19.14293242166745,16,19,20,16,19,20
spoken_dialog_flow,fip-fourier,380001135,1900005675000,15.694046902422462,18.89224314345115,19.671277284977208,16,19,20,16,19,20
spoken_dialog_flow,fip-fourier,380001136,1900005680000,15.74647424443515,18.94467048546384,19.723704626989896,16,19,20,16,19,20
spoken_dialog_flow,fip-fourier,380001137,1900005685000,15.084874353723556,18.283070594752246,19.062104736278304,16,19,20,16,19,20
spoken_dialog_flow,fip-fourier,380001138,1900005690000,14.239166660265308,17.437362901293998,18.216397042820056,15,18,19,15,18,19
spoken_dialog_flow,fip-fourier,380001139,1900005695000,13.974149934848072,17.17234617587676,17.95138031740282,14,18,18,14,18,18
spoken_dialog_flow,fip-fourier,380001140,1900005700000,14.528507644939634,17.726703885968323,18.50573802749438,15,18,19,15,18,19
spoken_dialog_flow,fip-fourier,380001141,1900005705000,15.367583113097956,18.565779354126644,19.3448134956527,16,19,20,16,19,20
spoken_dialog_flow,fip-fourier,380001142,1900005710000,15.682025850273,18.88022209130169,19.659256232827747,16,19,20,16,19,20
spoken_dialog_flow,fip-fourier,380001143,1900005715000,15.152050499497307,18.350246740525996,19.129280882052054,16,19,20,16,19,20
spoken_dialog_flow,fip-fourier,380001144,1900005720000,14.259365098918494,17.457561339947183,18.23659548147324,15,18,19,15,18,19
spoken_dialog_flow,fip-fourier,380001145,1900005725000,13.86858237068138,17.06677861171007,17.845812753236128,14,18,18,14,18,18
spoken_dialog_flow,fip-fourier,380001146,1900005730000,14.477078811601217,17.675275052629907,18.454309194155964,15,18,19,15,18,19
spoken_dialog_flow,fip-fourier,380001147,1900005735000,15.809523896887278,19.007720137915967,19.786754279442025,16,20,20,16,20,20
spoken_dialog_flow,fip-fourier,380001148,1900005740000,17.082663602645862,20.280859843674552,21.05989398520061,18,21,22,18,21,22
spoken_dialog_flow,fip-fourier,380001149,1900005745000,17.653963347971704,20.852159589000394,21.63119373052645,18,21,22,18,21,22
spoken_dialog_flow,fip-fourier,380001150,1900005750000,17.470482659238066,20.668678900266755,21.447713041792813,18,21,22,18,21,22
spoken_dialog_flow,fip-fourier,380001151,1900005755000,16.9850134822199,20.18320972324859,20.96224386477465,17,21,21,17,21,21
spoken_dialog_flow,fip-fourier,380001152,1900005760000,16.71129640997286,19.90949265100155,20.688526792527608,17,20,21,17,20,21
spoken_dialog_flow,fip-fourier,380001153,1900005765000,16.85814995257284,20.05634619360153,20.83538033512759,17,21,21,17,21,21
spoken_dialog_flow,fip-fourier,380001154,1900005770000,17.309480385556057,20.507676626584747,21.286710768110805,18,21,22,18,21,22
spoken_dialog_flow,fip-fourier,380001155,1900005775000,17.843692316096433,21.041888557125123,21.82092269865118,18,22,22,18,22,22
spoken_dialog_flow,fip-fourier,380001156,1900005780000,18.30575141326514,21.503947654293828,22.282981795819886,19,22,23,19,22,23
spoken_dialog_flow,fip-fourier,380001157,1900005785000,18.595930053156867,21.794126294185556,22.573160435711614,19,22,23,19,22,23
spoken_dialog_flow,fip-fourier,380001158,1900005790000,18.596987691407996,21.795183932436686,22.574218073962744,19,22,23,19,22,23
spoken_dialog_flow,fip-fourier,380001159,1900005795000,18.21876819592723,21.41696443695592,22.195998578481976,19,22,23,19,22,23
spoken_dialog_flow,fip-fourier,380001160,1900005800000,17.547911004777138,20.746107245805828,21.525141387331885,18,21,22,18,21,22
spoken_dialog_flow,fip-fourier,380001161,1900005805000,16.89975051799135,20.09794675902004,20.876980900546098,17,21,21,17,21,21
spoken_dialog_flow,fip-fourier,380001162,1900005810000,16.630632119105705,19.828828360134395,20.607862501660453,17,20,21,17,20,21
spoken_dialog_flow,fip-fourier,380001163,1900005815000,16.838836591329045,20.037032832357735,20.816066973883792,17,21,21,17,21,21
spoken_dialog_flow,fip-fourier,380001164,1900005820000,17.2577075056761,20.455903746704788,21.234937888230846,18,21,22,18,21,22
spoken_dialog_flow,fip-fourier,380001165,1900005825000,17.496137292402164,20.694333533430854,21.47336767495691,18,21,22,18,21,22
spoken_dialog_flow,fip-fourier,380001166,1900005830000,17.427608192473432,20.625804433502122,21.40483857502818,18,21,22,18,21,22
spoken_dialog_flow,fip-fourier,380001167,1900005835000,17.33835358949172,20.53654983052041,21.31558397204647,18,21,22,18,21,22
spoken_dialog_flow,fip-fourier,380001168,1900005840000,17.651268261165875,20.849464502194564,21.628498643720622,18,21,22,18,21,22
spoken_dialog_flow,fip-fourier,380001169,1900005845000,18.470661270318846,21.668857511347536,22.447891652873594,19,22,23,19,22,23
spoken_dialog_flow,fip-fourier,380001170,1900005850000,19.409422641545806,22.607618882574496,23.386653024100553,20,23,24,20,23,24
spoken_dialog_flow,fip-fourier,380001171,1900005855000,19.91190771031389,23.11010395134258,23.889138092868638,20,24,24,20,24,24
spoken_dialog_flow,fip-fourier,380001172,1900005860000,19.788161512262597,22.986357753291287,23.765391894817345,20,23,24,20,23,24
spoken_dialog_flow,fip-fourier,380001173,1900005865000,19.426098397802594,22.624294638831284,23.40332878035734,20,23,24,20,23,24
spoken_dialog_flow,fip-fourier,380001174,1900005870000,19.430680307783494,22.628876548812183,23.40791069033824,20,23,24,20,23,24
spoken_dialog_flow,fip-fourier,380001175,1900005875000,20.007662043712585,23.205858284741275,23.984892426267333,21,24,24,21,24,24
spoken_dialog_flow,fip-fourier,380001176,1900005880000,20.70218534794524,23.90038158897393,24.679415730499986,21,24,25,21,24,25
spoken_dialog_flow,fip-fourier,380001177,1900005885000,20.795152118475805,23.993348359504495,24.772382501030553,21,24,25,21,24,25
spoken_dialog_flow,fip-fourier,380001178,1900005890000,20.01672225453198,23.21491849556067,23.99395263708673,21,24,24,21,24,24
spoken_dialog_flow,fip-fourier,380001179,1900005895000,18.882942605532318,22.081138846561007,22.860172988087065,19,23,23,19,23,23
spoken_dialog_flow,fip-fourier,380001180,1900005900000,18.278536959057597,21.476733200086287,22.255767341612344,19,22,23,19,22,23
spoken_dialog_flow,fip-fourier,380001181,1900005905000,18.630005702780842,21.828201943809532,22.60723608533559,19,22,23,19,22,23
spoken_dialog_flow,fip-fourier,380001182,1900005910000,19.449731730954056,22.647927971982746,23.426962113508804,20,23,24,20,23,24
spoken_dialog_flow,fip-fourier,380001183,1900005915000,19.731628388992615,22.929824630021304,23.708858771547362,20,23,24,20,23,24
spoken_dialog_flow,fip-fourier,380001184,1900005920000,18.887398333656137,22.085594574684826,22.864628716210884,19,23,23,19,23,23
spoken_dialog_flow,fip-fourier,380001185,1900005925000,17.369634513700667,20.567830754729357,21.346864896255415,18,21,22,18,21,22
spoken_dialog_flow,fip-fourier,380001186,1900005930000,16.37096334886136,19.56915958989005,20.348193731416107,17,20,21,17,20,21
spoken_dialog_flow,fip-fourier,380001187,1900005935000,16.822376450289326,20.020572691318016,20.799606832844074,17,21,21,17,21,21
spoken_dialog_flow,fip-fourier,380001188,1900005940000,18.572023846888083,21.770220087916773,22.54925422944283,19,22,23,19,22,23
spoken_dialog_flow,fip-fourier,380001189,1900005945000,20.484828621874566,23.683024862903256,24.462059004429314,21,24,25,21,24,25
spoken_dialog_flow,fip-fourier,380001190,1900005950000,21.37928081235562,24.57747705338431,25.356511194910368,22,25,26,22,25,26
spoken_dialog_flow,fip-fourier,380001191,1900005955000,20.967824789697904,24.166021030726593,24.94505517225265,21,25,25,21,25,25
spoken_dialog_flow,fip-fourier,380001192,1900005960000,19.98233810384442,23.18053434487311,23.959568486399167,20,24,24,20,24,24
spoken_dialog_flow,fip-fourier,380001193,1900005965000,19.42304955509148,22.62124579612017,23.40027993764623,20,23,24,20,23,24
spoken_dialog_flow,fip-fourier,380001194,1900005970000,19.656949607881792,22.85514584891048,23.63417999043654,20,23,24,20,23,24
spoken_dialog_flow,fip-fourier,380001195,1900005975000,20.18529447119155,23.38349071222024,24.162524853746298,21,24,25,21,24,25
spoken_dialog_flow,fip-fourier,380001196,1900005980000,20.237721813204256,23.435918054232946,24.214952195759004,21,24,25,21,24,25
spoken_dialog_flow,fip-fourier,380001197,1900005985000,19.576121922492685,22.774318163521375,23.553352305047433,20,23,24,20,23,24
spoken_dialog_flow,fip-fourier,380001198,1900005990000,18.730414229034402,21.92861047006309,22.70764461158915,19,22,23,19,22,23
spoken_dialog_flow,fip-fourier,380001199,1900005995000,18.465397503617158,21.663593744645848,22.442627886171906,19,22,23,19,22,23
spoken_dialog_flow,fip-fourier,380001200,1900006000000,19.019755213708702,22.217951454737392,22.99698559626345,20,23,23,20,23,23
spoken_dialog_flow,fip-fourier,380001201,1900006005000,19.858830681867072,23.057026922895762,23.83606106442182,20,24,24,20,24,24
spoken_dialog_flow,fip-fourier,380001202,1900006010000,20.173273419042122,23.37146966007081,24.15050380159687,21,24,25,21,24,25
spoken_dialog_flow,fip-fourier,380001203,1900006015000,19.643298068266418,22.841494309295108,23.620528450821165,20,23,24,20,23,24
spoken_dialog_flow,fip-fourier,380001204,1900006020000,18.750612667687612,21.948808908716302,22.72784305024236,19,22,23,19,22,23
spoken_dialog_flow,fip-fourier,380001205,1900006025000,18.359829939450485,21.558026180479175,22.337060322005232,19,22,23,19,22,23
spoken_dialog_flow,fip-fourier,380001206,1900006030000,18.96832638037032,22.16652262139901,22.94555676292507,19,23,23,19,23,23
spoken_dialog_flow,fip-fourier,380001207,1900006035000,20.30077146565637,23.49896770668506,24.27800184821112,21,24,25,21,24,25
spoken_dialog_flow,fip-fourier,380001208,1900006040000,21.573911171414977,24.772107412443667,25.551141553969725,22,25,26,22,25,26
spoken_dialog_flow,fip-fourier,380001209,1900006045000,22.14521091674082,25.34340715776951,26.122441299295566,23,26,27,23,26,27
spoken_dialog_flow,fip-fourier,380001210,1900006050000,21.961730228007177,25.159926469035867,25.938960610561924,22,26,26,22,26,26
spoken_dialog_flow,fip-fourier,380001211,1900006055000,21.476261050989002,24.674457292017692,25.45349143354375,22,25,26,22,25,26
spoken_dialog_flow,fip-fourier,380001212,1900006060000,21.202543978741954,24.400740219770643,25.1797743612967,22,25,26,22,25,26
spoken_dialog_flow,fip-fourier,380001213,1900006065000,21.349397521341945,24.547593762370635,25.326627903896693,22,25,26,22,25,26
spoken_dialog_flow,fip-fourier,380001214,1900006070000,21.80072795432518,24.99892419535387,25.777958336879927,22,25,26,22,25,26
spoken_dialog_flow,fip-fourier,380001215,1900006075000,22.33493988486554,25.53313612589423,26.31217026742029,23,26,27,23,26,27
spoken_dialog_flow,fip-fourier,380001216,1900006080000,22.796998982034246,25.995195223062936,26.774229364588994,23,26,27,23,26,27
spoken_dialog_flow,fip-fourier,380001217,1900006085000,23.08717762192596,26.28537386295465,27.064408004480708,24,27,28,24,27,28
spoken_dialog_flow,fip-fourier,380001218,1900006090000,23.08823526017711,26.2864315012058,27.06546564273186,24,27,28,24,27,28
spoken_dialog_flow,fip-fourier,380001219,1900006095000,22.71001576469633,25.90821200572502,26.687246147251077,23,26,27,23,26,27
spoken_dialog_flow,fip-fourier,380001220,1900006100000,22.03915857354625,25.23735481457494,26.016388956100997,23,26,27,23,26,27
spoken_dialog_flow,fip-fourier,380001221,1900006105000,21.39099808676044,24.58919432778913,25.368228469315188,22,25,26,22,25,26
spoken_dialog_flow,fip-fourier,380001222,1900006110000,21.121879687874817,24.320075928903506,25.099110070429564,22,25,26,22,25,26
spoken_dialog_flow,fip-fourier,380001223,1900006115000,21.330084160098128,24.528280401126818,25.307314542652875,22,25,26,22,25,26
spoken_dialog_flow,fip-fourier,380001224,1900006120000,21.748955074445195,24.947151315473885,25.726185456999943,22,25,26,22,25,26
spoken_dialog_flow,fip-fourier,380001225,1900006125000,21.98738486117125,25.18558110219994,25.964615243725998,22,26,26,22,26,26
spoken_dialog_flow,fip-fourier,380001226,1900006130000,21.918855761242536,25.117052002271226,25.896086143797284,22,26,26,22,26,26
spoken_dialog_flow,fip-fourier,380001227,1900006135000,21.829601158260843,25.027797399289533,25.80683154081559,22,26,26,22,26,26
spoken_dialog_flow,fip-fourier,380001228,1900006140000,22.142515829935,25.34071207096369,26.119746212489748,23,26,27,23,26,27
spoken_dialog_flow,fip-fourier,380001229,1900006145000,22.96190883908795,26.16010508011664,26.939139221642698,23,27,27,23,27,27
spoken_dialog_flow,fip-fourier,380001230,1900006150000,23.90067021031489,27.09886645134358,27.877900592869636,24,28,28,24,28,28
spoken_dialog_flow,fip-fourier,380001231,1900006155000,24.40315527908299,27.60135152011168,28.38038566163774,25,28,29,25,28,29
spoken_dialog_flow,fip-fourier,380001232,1900006160000,24.279409081031723,27.477605322060413,28.25663946358647,25,28,29,25,28,29
spoken_dialog_flow,fip-fourier,380001233,1900006165000,23.917345966571737,27.115542207600427,27.894576349126485,24,28,28,24,28,28
spoken_dialog_flow,fip-fourier,380001234,1900006170000,23.92192787655261,27.120124117581298,27.899158259107356,24,28,28,24,28,28
spoken_dialog_flow,fip-fourier,380001235,1900006175000,24.49890961248166,27.69710585351035,28.47613999503641,25,28,29,25,28,29
spoken_dialog_flow,fip-fourier,380001236,1900006180000,25.19343291671434,28.39162915774303,29.170663299269087,26,29,30,26,29,30
spoken_dialog_flow,fip-fourier,380001237,1900006185000,25.286399687244888,28.484595928273578,29.263630069799635,26,29,30,26,29,30
spoken_dialog_flow,fip-fourier,380001238,1900006190000,24.507969823301114,27.706166064329803,28.48520020585586,25,28,29,25,28,29
spoken_dialog_flow,fip-fourier,380001239,1900006195000,23.374190174301425,26.572386415330115,27.351420556856173,24,27,28,24,27,28
spoken_dialog_flow,fip-fourier,380001240,1900006200000,22.76978452782672,25.96798076885541,26.747014910381466,23,26,27,23,26,27
spoken_dialog_flow,fip-fourier,380001241,1900006205000,23.121253271549932,26.319449512578622,27.09848365410468,24,27,28,24,27,28
spoken_dialog_flow,fip-fourier,380001242,1900006210000,23.940979299723153,27.139175540751843,27.9182096822779,24,28,28,24,28,28
spoken_dialog_flow,fip-fourier,380001243,1900006215000,24.22287595776172,27.42107219879041,28.200106340316466,25,28,29,25,28,29
spoken_dialog_flow,fip-fourier,380001244,1900006220000,23.37864590242525,26.57684214345394,27.35587628498,24,27,28,24,27,28
spoken_dialog_flow,fip-fourier,380001245,1900006225000,21.860882082469786,25.059078323498476,25.838112465024533,22,26,26,22,26,26
spoken_dialog_flow,fip-fourier,380001246,1900006230000,20.862210917630467,24.060407158659157,24.839441300185214,21,25,25,21,25,25
spoken_dialog_flow,fip-fourier,380001247,1900006235000,21.313624019058413,24.511820260087102,25.29085440161316,22,25,26,22,25,26
spoken_dialog_flow,fip-fourier,380001248,1900006240000,23.06327141565715,26.26146765668584,27.0405017982119,24,27,28,24,27,28
spoken_dialog_flow,fip-fourier,380001249,1900006245000,24.976076190643663,28.174272431672353,28.95330657319841,25,29,29,25,29,29
spoken_dialog_flow,fip-fourier,380001250,1900006250000,25.870528381124732,29.06872462215342,29.84775876367948,26,30,30,26,30,30
spoken_dialog_flow,fip-fourier,380001251,1900006255000,25.45907235846701,28.6572685994957,29.43630274102176,26,29,30,26,29,30
spoken_dialog_flow,fip-fourier,380001252,1900006260000,24.47358567261352,27.67178191364221,28.450816055168268,25,28,29,25,28,29
spoken_dialog_flow,fip-fourier,380001253,1900006265000,23.914297123860564,27.112493364889254,27.89152750641531,24,28,28,24,28,28
spoken_dialog_flow,fip-fourier,380001254,1900006270000,24.148197176650896,27.346393417679586,28.125427559205644,25,28,29,25,28,29
spoken_dialog_flow,fip-fourier,380001255,1900006275000,24.676542039960648,27.874738280989337,28.653772422515395,25,28,29,25,28,29
spoken_dialog_flow,fip-fourier,380001256,1900006280000,24.728969381973346,27.927165623002036,28.706199764528094,25,28,29,25,28,29
spoken_dialog_flow,fip-fourier,380001257,1900006285000,24.06736949126178,27.26556573229047,28.044599873816527,25,28,29,25,28,29
spoken_dialog_flow,fip-fourier,380001258,1900006290000,23.22166179780353,26.41985803883222,27.19889218035828,24,27,28,24,27,28
spoken_dialog_flow,fip-fourier,380001259,1900006295000,22.956645072386276,26.154841313414966,26.933875454941024,23,27,27,23,27,27
spoken_dialog_flow,fip-fourier,380001260,1900006300000,23.51100278247781,26.7091990235065,27.488233165032558,24,27,28,24,27,28
spoken_dialog_flow,fip-fourier,380001261,1900006305000,24.35007825063614,27.54827449166483,28.32730863319089,25,28,29,25,28,29
spoken_dialog_flow,fip-fourier,380001262,1900006310000,24.66452098781122,27.86271722883991,28.641751370365967,25,28,29,25,28,29
spoken_dialog_flow,fip-fourier,380001263,1900006315000,24.13454563703555,27.33274187806424,28.111776019590298,25,28,29,25,28,29
spoken_dialog_flow,fip-fourier,380001264,1900006320000,23.241860236456727,26.440056477485417,27.219090619011475,24,27,28,24,27,28
spoken_dialog_flow,fip-fourier,380001265,1900006325000,22.85107750821959,26.04927374924828,26.828307890774337,23,27,27,23,27,27
spoken_dialog_flow,fip-fourier,380001266,1900006330000,23.459573949139394,26.657770190168083,27.43680433169414,24,27,28,24,27,28
spoken_dialog_flow,fip-fourier,380001267,1900006335000,24.792019034425454,27.990215275454144,28.7692494169802,25,28,29,25,28,29
spoken_dialog_flow,fip-fourier,380001268,1900006340000,26.065158740184096,29.263354981212785,30.042389122738843,27,30,31,27,30,31
spoken_dialog_flow,fip-fourier,380001269,1900006345000,26.63645848550993,29.83465472653862,30.613688868064678,27,30,31,27,30,31
spoken_dialog_flow,fip-fourier,380001270,1900006350000,26.452977796776295,29.651174037804985,30.430208179331043,27,30,31,27,30,31
spoken_dialog_flow,fip-fourier,380001271,1900006355000,25.967508619758085,29.165704860786775,29.944739002312833,26,30,30,26,30,30
spoken_dialog_flow,fip-fourier,380001272,1900006360000,25.693791547511054,28.891987788539744,29.671021930065802,26,29,30,26,29,30
spoken_dialog_flow,fip-fourier,380001273,1900006365000,25.840645090111035,29.038841331139725,29.817875472665783,26,30,30,26,30,30
spoken_dialog_flow,fip-fourier,380001274,1900006370000,26.291975523094283,29.490171764122973,30.26920590564903,27,30,31,27,30,31
spoken_dialog_flow,fip-fourier,380001275,1900006375000,26.826187453634663,30.024383694663353,30.80341783618941,27,31,31,27,31,31
spoken_dialog_flow,fip-fourier,380001276,1900006380000,27.288246550803354,30.486442791832044,31.2654769333581,28,31,32,28,31,32
spoken_dialog_flow,fip-fourier,380001277,1900006385000,27.578425190695057,30.776621431723747,31.555655573249805,28,31,32,28,31,32
spoken_dialog_flow,fip-fourier,380001278,1900006390000,27.579482828946166,30.777679069974855,31.556713211500913,28,31,32,28,31,32
spoken_dialog_flow,fip-fourier,380001279,1900006395000,27.201263333465434,30.399459574494124,31.17849371602018,28,31,32,28,31,32
spoken_dialog_flow,fip-fourier,380001280,1900006400000,26.530406142315368,29.728602383344057,30.507636524870115,27,30,31,27,30,31
spoken_dialog_flow,fip-fourier,380001281,1900006405000,25.882245655529605,29.080441896558295,29.859476038084352,26,30,30,26,30,30
spoken_dialog_flow,fip-fourier,380001282,1900006410000,25.613127256643917,28.811323497672607,29.590357639198665,26,29,30,26,29,30
spoken_dialog_flow,fip-fourier,380001283,1900006415000,25.821331728867236,29.019527969895925,29.798562111421983,26,30,30,26,30,30
spoken_dialog_flow,fip-fourier,380001284,1900006420000,26.24020264321432,29.43839888424301,30.21743302576907,27,30,31,27,30,31
spoken_dialog_flow,fip-fourier,380001285,1900006425000,26.47863242994038,29.67682867096907,30.455862812495127,27,30,31,27,30,31
spoken_dialog_flow,fip-fourier,380001286,1900006430000,26.410103330011648,29.608299571040337,30.387333712566395,27,30,31,27,30,31
spoken_dialog_flow,fip-fourier,380001287,1900006435000,26.320848727029933,29.519044968058623,30.29807910958468,27,30,31,27,30,31
spoken_dialog_flow,fip-fourier,380001288,1900006440000,26.6337633987041,29.83195963973279,30.61099378125885,27,30,31,27,30,31
spoken_dialog_flow,fip-fourier,380001289,1900006445000,27.453156407857062,30.65135264888575,31.43038679041181,28,31,32,28,31,32
spoken_dialog_flow,fip-fourier,380001290,1900006450000,28.39191777908399,31.59011402011268,32.36914816163873,29,32,33,29,32,33
spoken_dialog_flow,fip-fourier,380001291,1900006455000,28.894402847852096,32.09259908888078,32.87163323040684,29,33,33,29,33,33
spoken_dialog_flow,fip-fourier,380001292,1900006460000,28.770656649800802,31.968852890829492,32.74788703235555,29,32,33,29,32,33
spoken_dialog_flow,fip-fourier,380001293,1900006465000,28.40859353534084,31.60678977636953,32.385823917895586,29,32,33,29,32,33
spoken_dialog_flow,fip-fourier,380001294,1900006470000,28.413175445321695,31.611371686350385,32.39040582787644,29,32,33,29,32,33
spoken_dialog_flow,fip-fourier,380001295,1900006475000,28.990157181250794,32.188353422279484,32.96738756380554,29,33,33,29,33,33
spoken_dialog_flow,fip-fourier,380001296,1900006480000,29.684680485483405,32.882876726512094,33.66191086803815,30,33,34,30,33,34
spoken_dialog_flow,fip-fourier,380001297,1900006485000,29.777647256014003,32.97584349704269,33.75487763856875,30,33,34,30,33,34
spoken_dialog_flow,fip-fourier,380001298,1900006490000,28.999217392070193,32.19741363309888,32.97644777462494,29,33,33,29,33,33
spoken_dialog_flow,fip-fourier,380001299,1900006495000,27.865437743070554,31.063633984099244,31.842668125625302,28,32,32,28,32,32
spoken_dialog_flow,fip-fourier,380001300,1900006500000,27.261032096595834,30.459228337624523,31.23826247915058,28,31,32,28,31,32
spoken_dialog_flow,fip-fourier,380001301,1900006505000,27.612500840319065,30.810697081347755,31.589731222873812,28,31,32,28,31,32
spoken_dialog_flow,fip-fourier,380001302,1900006510000,28.432226868492254,31.630423109520944,32.409457251047,29,32,33,29,32,33
spoken_dialog_flow,fip-fourier,380001303,1900006515000,28.71412352653082,31.91231976755951,32.691353909085564,29,32,33,29,32,33
spoken_dialog_flow,fip-fourier,380001304,1900006520000,27.869893471194345,31.068089712223035,31.847123853749093,28,32,32,28,32,32
spoken_dialog_flow,fip-fourier,380001305,1900006525000,26.352129651238897,29.550325892267587,30.329360033793645,27,30,31,27,30,31
spoken_dialog_flow,fip-fourier,380001306,1900006530000,25.353458486399557,28.551654727428247,29.330688868954304,26,29,30,26,29,30
spoken_dialog_flow,fip-fourier,380001307,1900006535000,25.80487158782752,29.00306782885621,29.782101970382268,26,30,30,26,30,30
spoken_dialog_flow,fip-fourier,380001308,1900006540000,27.55451898442626,30.75271522545495,31.531749366981007,28,31,32,28,31,32
spoken_dialog_flow,fip-fourier,380001309,1900006545000,29.467323759412754,32.66552000044144,33.4445541419675,30,33,34,30,33,34
spoken_dialog_flow,fip-fourier,380001310,1900006550000,30.361775949893836,33.55997219092252,34.339006332448584,31,34,35,31,34,35
spoken_dialog_flow,fip-fourier,380001311,1900006555000,29.95031992723616,33.14851616826485,33.9275503097909,30,34,34,30,34,34
spoken_dialog_flow,fip-fourier,380001312,1900006560000,28.964833241382628,32.16302948241132,32.94206362393737,29,33,33,29,33,33
spoken_dialog_flow,fip-fourier,380001313,1900006565000,28.405544692629654,31.603740933658344,32.3827750751844,29,32,33,29,32,33
spoken_dialog_flow,fip-fourier,380001314,1900006570000,28.63944474541996,31.83764098644865,32.61667512797471,29,32,33,29,32,33
spoken_dialog_flow,fip-fourier,380001315,1900006575000,29.16778960872977,32.36598584975846,33.145019991284514,30,33,34,30,33,34
spoken_dialog_flow,fip-fourier,380001316,1900006580000,29.22021695074248,32.418413191771165,33.19744733329723,30,33,34,30,33,34
spoken_dialog_flow,fip-fourier,380001317,1900006585000,28.5586170600309,31.75681330105959,32.53584744258565,29,32,33,29,32,33
spoken_dialog_flow,fip-fourier,380001318,1900006590000,27.71290936657263,30.91110560760132,31.69013974912738,28,31,32,28,31,32
spoken_dialog_flow,fip-fourier,380001319,1900006595000,27.447892641155377,30.646088882184067,31.425123023710125,28,31,32,28,31,32
spoken_dialog_flow,fip-fourier,380001320,1900006600000,28.002250351246907,31.200446592275597,31.979480733801655,29,32,32,29,32,32
spoken_dialog_flow,fip-fourier,380001321,1900006605000,28.841325819405274,32.03952206043396,32.81855620196002,29,33,33,29,33,33
spoken_dialog_flow,fip-fourier,380001322,1900006610000,29.15576855658032,32.35396479760901,33.132998939135064,30,33,34,30,33,34
spoken_dialog_flow,fip-fourier,380001323,1900006615000,28.625793205804637,31.823989446833327,32.603023588359385,29,32,33,29,32,33
spoken_dialog_flow,fip-fourier,380001324,1900006620000,27.733107805225814,30.931304046254503,31.71033818778056,28,31,32,28,31,32
spoken_dialog_flow,fip-fourier,380001325,1900006625000,27.342325076988715,30.540521318017404,31.319555459543462,28,31,32,28,31,32
spoken_dialog_flow,fip-fourier,380001326,1900006630000,27.950821517908523,31.149017758937212,31.92805190046327,28,32,32,28,32,32
spoken_dialog_flow,fip-fourier,380001327,1900006635000,29.28326660319459,32.48146284422328,33.260496985749334,30,33,34,30,33,34
spoken_dialog_flow,fip-fourier,380001328,1900006640000,30.55640630895318,33.75460254998187,34.53363669150792,31,34,35,31,34,35
spoken_dialog_flow,fip-fourier,380001329,1900006645000,31.127706054279034,34.32590229530772,35.10493643683378,32,35,36,32,35,36
spoken_dialog_flow,fip-fourier,380001330,1900006650000,30.94422536554536,34.14242160657405,34.92145574810011,31,35,35,31,35,35
spoken_dialog_flow,fip-fourier,380001331,1900006655000,30.458756188527193,33.65695242955588,34.43598657108194,31,34,35,31,34,35
spoken_dialog_flow,fip-fourier,380001332,1900006660000,30.185039116280173,33.38323535730886,34.16226949883492,31,34,35,31,34,35
spoken_dialog_flow,fip-fourier,380001333,1900006665000,30.331892658880143,33.53008889990883,34.30912304143489,31,34,35,31,34,35
spoken_dialog_flow,fip-fourier,380001334,1900006670000,30.783223091863395,33.98141933289208,34.76045347441814,31,34,35,31,34,35
spoken_dialog_flow,fip-fourier,380001335,1900006675000,31.317435022403757,34.51563126343245,35.2946654049585,32,35,36,32,35,36
spoken_dialog_flow,fip-fourier,380001336,1900006680000,31.779494119572465,34.97769036060115,35.75672450212721,32,35,36,32,35,36
spoken_dialog_flow,fip-fourier,380001337,1900006685000,32.06967275946416,35.26786900049285,36.046903142018905,33,36,37,33,36,37
spoken_dialog_flow,fip-fourier,380001338,1900006690000,32.07073039771529,35.26892663874398,36.04796078027003,33,36,37,33,36,37
spoken_dialog_flow,fip-fourier,380001339,1900006695000,31.692510902234527,34.890707143263214,35.669741284789275,32,35,36,32,35,36
spoken_dialog_flow,fip-fourier,380001340,1900006700000,31.021653711084433,34.21984995211312,34.99888409363918,32,35,35,32,35,35
spoken_dialog_flow,fip-fourier,380001341,1900006705000,30.37349322429867,33.57168946532736,34.350723606853414,31,34,35,31,34,35
spoken_dialog_flow,fip-fourier,380001342,1900006710000,30.10437482541305,33.302571066441736,34.0816052079678,31,34,35,31,34,35
spoken_dialog_flow,fip-fourier,380001343,1900006715000,30.312579297636347,33.51077553866504,34.28980968019109,31,34,35,31,34,35
spoken_dialog_flow,fip-fourier,380001344,1900006720000,30.731450211983393,33.92964645301208,34.70868059453814,31,34,35,31,34,35
spoken_dialog_flow,fip-fourier,380001345,1900006725000,30.969879998709477,34.16807623973816,34.947110381264224,31,35,35,31,35,35
spoken_dialog_flow,fip-fourier,380001346,1900006730000,30.901350898780745,34.09954713980943,34.87858128133549,31,35,35,31,35,35
spoken_dialog_flow,fip-fourier,380001347,1900006735000,30.81209629579906,34.01029253682775,34.7893266783538,31,35,35,31,35,35
spoken_dialog_flow,fip-fourier,380001348,1900006740000,31.125010967473166,34.323207208501856,35.10224135002791,32,35,36,32,35,36
spoken_dialog_flow,fip-fourier,380001349,1900006745000,31.944403976626145,35.14260021765483,35.92163435918089,32,36,36,32,36,36
spoken_dialog_flow,fip-fourier,380001350,1900006750000,32.8831653478531,36.08136158888179,36.860395730407845,33,37,37,33,37,37
spoken_dialog_flow,fip-fourier,380001351,1900006755000,33.38565041662123,36.58384665764992,37.362880799175976,34,37,38,34,37,38
spoken_dialog_flow,fip-fourier,380001352,1900006760000,33.26190421856995,36.46010045959864,37.2391346011247,34,37,38,34,37,38
spoken_dialog_flow,fip-fourier,380001353,1900006765000,32.899841104109946,36.098037345138636,36.87707148666469,33,37,37,33,37,37
spoken_dialog_flow,fip-fourier,380001354,1900006770000,32.9044230140908,36.10261925511949,36.88165339664555,33,37,37,33,37,37
spoken_dialog_flow,fip-fourier,380001355,1900006775000,33.481404750019884,36.679600991048574,37.45863513257463,34,37,38,34,37,38
spoken_dialog_flow,fip-fourier,380001356,1900006780000,34.1759280542525,37.37412429528119,38.153158436807246,35,38,39,35,38,39
spoken_dialog_flow,fip-fourier,380001357,1900006785000,34.268894824783075,37.467091065811765,38.24612520733782,35,38,39,35,38,39
spoken_dialog_flow,fip-fourier,380001358,1900006790000,33.490464960839304,36.688661201867994,37.46769534339405,34,37,38,34,37,38
spoken_dialog_flow,fip-fourier,380001359,1900006795000,32.35668531183965,35.55488155286834,36.33391569439439,33,36,37,33,36,37
spoken_dialog_flow,fip-fourier,380001360,1900006800000,31.75227966536493,34.95047590639362,35.729510047919675,32,35,36,32,35,36
spoken_dialog_flow,fip-fourier,380001361,1900006805000,32.103748409088126,35.301944650116816,36.08097879164287,33,36,37,33,36,37
spoken_dialog_flow,fip-fourier,380001362,1900006810000,32.92347443726137,36.12167067829006,36.90070481981611,33,37,37,33,37,37
spoken_dialog_flow,fip-fourier,380001363,1900006815000,33.20537109529992,36.40356733632861,37.18260147785466,34,37,38,34,37,38
spoken_dialog_flow,fip-fourier,380001364,1900006820000,32.36114103996345,35.55933728099214,36.33837142251819,33,36,37,33,36,37
spoken_dialog_flow,fip-fourier,380001365,1900006825000,30.843377220007962,34.04157346103665,34.82060760256271,31,35,35,31,35,35
spoken_dialog_flow,fip-fourier,380001366,1900006830000,29.844706055168682,33.04290229619737,33.82193643772343,30,34,34,30,34,34
spoken_dialog_flow,fip-fourier,380001367,1900006835000,30.29611915659659,33.49431539762528,34.27334953915133,31,34,35,31,34,35
spoken_dialog_flow,fip-fourier,380001368,1900006840000,32.045766553195406,35.243962794224096,36.02299693575015,33,36,37,33,36,37
spoken_dialog_flow,fip-fourier,380001369,1900006845000,33.958571328181854,37.156767569210544,37.9358017107366,34,38,38,34,38,38
spoken_dialog_flow,fip-fourier,380001370,1900006850000,34.853023518662965,38.051219759691655,38.83025390121771,35,39,39,35,39,39
spoken_dialog_flow,fip-fourier,380001371,1900006855000,34.44156749600523,37.63976373703392,38.41879787855997,35,38,39,35,38,39
spoken_dialog_flow,fip-fourier,380001372,1900006860000,33.456080810151754,36.65427705118044,37.4333111927065,34,37,38,34,37,38
spoken_dialog_flow,fip-fourier,380001373,1900006865000,32.89679226139875,36.09498850242744,36.874022643953495,33,37,37,33,37,37
spoken_dialog_flow,fip-fourier,380001374,1900006870000,33.13069231418908,36.32888855521777,37.10792269674383,34,37,38,34,37,38
spoken_dialog_flow,fip-fourier,380001375,1900006875000,33.65903717749884,36.85723341852753,37.63626756005358,34,37,38,34,37,38
spoken_dialog_flow,fip-fourier,380001376,1900006880000,33.711464519511566,36.909660760540255,37.68869490206631,34,37,38,34,37,38
spoken_dialog_flow,fip-fourier,380001377,1900006885000,33.0498646288,36.24806086982869,37.027095011354746,34,37,38,34,37,38
spoken_dialog_flow,fip-fourier,380001378,1900006890000,32.20415693534173,35.40235317637042,36.18138731789647,33,36,37,33,36,37
spoken_dialog_flow,fip-fourier,380001379,1900006895000,31.93914020992447,35.13733645095316,35.91637059247922,32,36,36,32,36,36
spoken_dialog_flow,fip-fourier,380001380,1900006900000,32.493497920016,35.69169416104469,36.47072830257074,33,36,37,33,36,37
spoken_dialog_flow,fip-fourier,380001381,1900006905000,33.33257338817437,36.53076962920306,37.30980377072911,34,37,38,34,37,38
spoken_dialog_flow,fip-fourier,380001382,1900006910000,33.64701612534943,36.84521236637812,37.624246507904175,34,37,38,34,37,38
spoken_dialog_flow,fip-fourier,380001383,1900006915000,33.11704077457374,36.31523701560243,37.09427115712848,34,37,38,34,37,38
spoken_dialog_flow,fip-fourier,380001384,1900006920000,32.224355373994925,35.422551615023615,36.20158575654967,33,36,37,33,36,37
spoken_dialog_flow,fip-fourier,380001385,1900006925000,31.833572645757783,35.03176888678647,35.81080302831253,32,36,36,32,36,36
spoken_dialog_flow,fip-fourier,380001386,1900006930000,32.44206908667764,35.64026532770633,36.419299469232385,33,36,37,33,36,37
spoken_dialog_flow,fip-fourier,380001387,1900006935000,33.774514171963666,36.972710412992356,37.75174455451841,34,37,38,34,37,38
spoken_dialog_flow,fip-fourier,380001388,1900006940000,35.047653877722276,38.245850118750965,39.02488426027702,36,39,40,36,39,40
spoken_dialog_flow,fip-fourier,380001389,1900006945000,35.61895362304813,38.81714986407682,39.59618400560287,36,39,40,36,39,40
spoken_dialog_flow,fip-fourier,380001390,1900006950000,35.43547293431446,38.63366917534315,39.412703316869205,36,39,40,36,39,40
spoken_dialog_flow,fip-fourier,380001391,1900006955000,34.95000375729627,38.14819999832496,38.927234139851016,35,39,39,35,39,39
spoken_dialog_flow,fip-fourier,380001392,1900006960000,34.67628668504925,37.87448292607794,38.65351706760399,35,38,39,35,38,39
spoken_dialog_flow,fip-fourier,380001393,1900006965000,34.82314022764924,38.02133646867793,38.800370610203984,35,39,39,35,39,39
spoken_dialog_flow,fip-fourier,380001394,1900006970000,35.2744706606325,38.47266690166119,39.251701043187246,36,39,40,36,39,40
spoken_dialog_flow,fip-fourier,380001395,1900006975000,35.80868259117285,39.00687883220154,39.78591297372759,36,40,40,36,40,40
spoken_dialog_flow,fip-fourier,380001396,1900006980000,36.270741688341566,39.468937929370256,40.24797207089631,37,40,41,37,40,41
spoken_dialog_flow,fip-fourier,380001397,1900006985000,36.56092032823325,39.75911656926194,40.538150710787995,37,40,41,37,40,41
spoken_dialog_flow,fip-fourier,380001398,1900006990000,36.561977966484406,39.760174207513096,40.53920834903915,37,40,41,37,40,41
spoken_dialog_flow,fip-fourier,380001399,1900006995000,36.183758471003635,39.381954712032325,40.16098885355838,37,40,41,37,40,41
spoken_dialog_flow,fip-fourier,380001400,1900007000000,35.512901279853565,38.711097520882255,39.49013166240831,36,39,40,36,39,40
spoken_dialog_flow,fip-fourier,380001401,1900007005000,34.86474079306775,38.06293703409644,38.8419711756225,35,39,39,35,39,39
spoken_dialog_flow,fip-fourier,380001402,1900007010000,34.59562239418213,37.79381863521082,38.57285277673687,35,38,39,35,38,39
spoken_dialog_flow,fip-fourier,380001403,1900007015000,34.803826866405466,38.002023107434155,38.78105724896021,35,39,39,35,39,39
spoken_dialog_flow,fip-fourier,380001404,1900007020000,35.22269778075251,38.4208940217812,39.199928163307256,36,39,40,36,39,40
spoken_dialog_flow,fip-fourier,380001405,1900007025000,35.46112756747857,38.65932380850726,39.438357950033314,36,39,40,36,39,40
spoken_dialog_flow,fip-fourier,380001406,1900007030000,35.39259846754983,38.59079470857852,39.369828850104575,36,39,40,36,39,40
spoken_dialog_flow,fip-fourier,380001407,1900007035000,35.30334386456815,38.50154010559684,39.28057424712289,36,39,40,36,39,40
spoken_dialog_flow,fip-fourier,380001408,1900007040000,35.61625853624227,38.81445477727096,39.593488918797014,36,39,40,36,39,40
spoken_dialog_flow,fip-fourier,380001409,1900007045000,36.43565154539527,39.63384778642396,40.41288192795001,37,40,41,37,40,41
spoken_dialog_flow,fip-fourier,380001410,1900007050000,37.37441291662217,40.57260915765086,41.351643299176914,38,41,42,38,41,42
spoken_dialog_flow,fip-fourier,380001411,1900007055000,37.8768979853903,41.07509422641899,41.854128367945044,38,42,42,38,42,42
spoken_dialog_flow,fip-fourier,380001412,1900007060000,37.75315178733904,40.95134802836773,41.73038216989379,38,41,42,38,41,42
spoken_dialog_flow,fip-fourier,380001413,1900007065000,37.391088672879086,40.589284913907775,41.36831905543383,38,41,42,38,41,42
spoken_dialog_flow,fip-fourier,380001414,1900007070000,37.395670582859914,40.593866823888604,41.37290096541466,38,41,42,38,41,42
spoken_dialog_flow,fip-fourier,380001415,1900007075000,37.97265231878895,41.17084855981764,41.9498827013437,38,42,42,38,42,42
spoken_dialog_flow,fip-fourier,380001416,1900007080000,38.66717562302162,41.86537186405031,42.644406005576364,39,42,43,39,42,43
spoken_dialog_flow,fip-fourier,380001417,1900007085000,38.76014239355219,41.958338634580876,42.73737277610693,39,42,43,39,42,43
spoken_dialog_flow,fip-fourier,380001418,1900007090000,37.981712529608416,41.179908770637105,41.95894291216316,38,42,42,38,42,42
spoken_dialog_flow,fip-fourier,380001419,1900007095000,36.84793288060876,40.04612912163745,40.8251632631635,37,41,41,37,41,41
spoken_dialog_flow,fip-fourier,380001420,1900007100000,36.24352723413407,39.44172347516276,40.220757616688815,37,40,41,37,40,41
spoken_dialog_flow,fip-fourier,380001421,1900007105000,36.59499597785724,39.79319221888593,40.57222636041198,37,40,41,37,40,41
spoken_dialog_flow,fip-fourier,380001422,1900007110000,37.41472200603046,40.61291824705915,41.3919523885852,38,41,42,38,41,42
spoken_dialog_flow,fip-fourier,380001423,1900007115000,37.69661866406902,40.89481490509771,41.673849046623765,38,41,42,38,41,42
spoken_dialog_flow,fip-fourier,380001424,1900007120000,36.85238860873256,40.05058484976125,40.829618991287305,37,41,41,37,41,41
spoken_dialog_flow,fip-fourier,380001425,1900007125000,35.3346247887771,38.53282102980579,39.31185517133184,36,39,40,36,39,40
spoken_dialog_flow,fip-fourier,380001426,1900007130000,34.335953623937755,37.534149864966444,38.3131840064925,35,38,39,35,38,39
spoken_dialog_flow,fip-fourier,380001427,1900007135000,34.787366725365715,37.985562966394404,38.76459710792046,35,38,39,35,38,39
spoken_dialog_flow,fip-fourier,380001428,1900007140000,36.53701412196445,39.735210362993136,40.51424450451919,37,40,41,37,40,41
spoken_dialog_flow,fip-fourier,380001429,1900007145000,38.44981889695094,41.64801513797963,42.42704927950568,39,42,43,39,42,43
spoken_dialog_flow,fip-fourier,380001430,1900007150000,39.34427108743207,42.54246732846076,43.32150146998681,40,43,44,40,43,44
spoken_dialog_flow,fip-fourier,380001431,1900007155000,38.932815064774346,42.131011305803035,42.91004544732909,39,43,43,39,43,43
spoken_dialog_flow,fip-fourier,380001432,1900007160000,37.94732837892084,41.145524619949526,41.92455876147558,38,42,42,38,42,42
spoken_dialog_flow,fip-fourier,380001433,1900007165000,37.388039830167855,40.586236071196545,41.3652702127226,38,41,42,38,41,42
spoken_dialog_flow,fip-fourier,380001434,1900007170000,37.62193988295819,40.82013612398688,41.59917026551293,38,41,42,38,41,42
spoken_dialog_flow,fip-fourier,380001435,1900007175000,38.150284746267964,41.348480987296654,42.12751512882271,39,42,43,39,42,43
spoken_dialog_flow,fip-fourier,380001436,1900007180000,38.20271208828066,41.40090832930935,42.17994247083541,39,42,43,39,42,43
spoken_dialog_flow,fip-fourier,380001437,1900007185000,37.54111219756912,40.73930843859781,41.518342580123864,38,41,42,38,41,42
spoken_dialog_flow,fip-fourier,380001438,1900007190000,36.69540450411082,39.89360074513951,40.67263488666556,37,40,41,37,40,41
spoken_dialog_flow,fip-fourier,380001439,1900007195000,36.43038777869356,39.62858401972225,40.4076181612483,37,40,41,37,40,41
